Campaign,Ad Group,Headline 1,Headline 2,Headline 3,Description Line 1,Description Line 2,Description Line 3,Path 1,Path 2,Final URL
Footwear Products,red shoes for sale,shoes in every colour,the best shoes,shoes for sale,"The lowest prices, incredible deals on all shoes",lowest price guarantee,no shipping costs globally,red,shoes,www.shoesforsale.com/shoes/red
Footwear Products,red shoes for sale,new deals on shoes,red shoes for sale,1000+ in stock,In stock and ready to ship now,lowest price guarantee,no shipping costs globally,red,shoes,www.shoesforsale.com/shoes/red
Footwear Products,red shoes deal,shoes in every colour,the best shoes,shoes deal,"The lowest prices, incredible deals on all shoes",lowest price guarantee,no shipping costs globally,red,shoes,www.shoesforsale.com/shoes/red
Footwear Products,red shoes deal,new deals on shoes,red shoes for sale,1000+ in stock,In stock and ready to ship now,lowest price guarantee,no shipping costs globally,red,shoes,www.shoesforsale.com/shoes/red
Footwear Products,red shoes accessories,shoes in every colour,the best shoes,shoes accessories,"The lowest prices, incredible deals on all shoes",lowest price guarantee,no shipping costs globally,red,shoes,www.shoesforsale.com/shoes/red
Footwear Products,red shoes accessories,new deals on shoes,red shoes for sale,1000+ in stock,In stock and ready to ship now,lowest price guarantee,no shipping costs globally,red,shoes,www.shoesforsale.com/shoes/red
Footwear Products,red trainers for sale,trainers in every colour,the best trainers,trainers for sale,"The lowest prices, incredible deals on all trainers",lowest price guarantee,no shipping costs globally,red,trainers,www.shoesforsale.com/trainers/red
Footwear Products,red trainers for sale,new deals on trainers,red trainers for sale,1000+ in stock,In stock and ready to ship now,lowest price guarantee,no shipping costs globally,red,trainers,www.shoesforsale.com/trainers/red
Footwear Products,red trainers deal,trainers in every colour,the best trainers,trainers deal,"The lowest prices, incredible deals on all trainers",lowest price guarantee,no shipping costs globally,red,trainers,www.shoesforsale.com/trainers/red
Footwear Products,red trainers deal,new deals on trainers,red trainers for sale,1000+ in stock,In stock and ready to ship now,lowest price guarantee,no shipping costs globally,red,trainers,www.shoesforsale.com/trainers/red
Footwear Products,red trainers accessories,trainers in every colour,the best trainers,trainers accessories,"The lowest prices, incredible deals on all trainers",lowest price guarantee,no shipping costs globally,red,trainers,www.shoesforsale.com/trainers/red
Footwear Products,red trainers accessories,new deals on trainers,red trainers for sale,1000+ in stock,In stock and ready to ship now,lowest price guarantee,no shipping costs globally,red,trainers,www.shoesforsale.com/trainers/red
Footwear Products,red boots for sale,boots in every colour,the best boots,boots for sale,"The lowest prices, incredible deals on all boots",lowest price guarantee,no shipping costs globally,red,boots,www.shoesforsale.com/boots/red
Footwear Products,red boots for sale,new deals on boots,red boots for sale,1000+ in stock,In stock and ready to ship now,lowest price guarantee,no shipping costs globally,red,boots,www.shoesforsale.com/boots/red
Footwear Products,red boots deal,boots in every colour,the best boots,boots deal,"The lowest prices, incredible deals on all boots",lowest price guarantee,no shipping costs globally,red,boots,www.shoesforsale.com/boots/red
Footwear Products,red boots deal,new deals on boots,red boots for sale,1000+ in stock,In stock and ready to ship now,lowest price guarantee,no shipping costs globally,red,boots,www.shoesforsale.com/boots/red
Footwear Products,red boots accessories,boots in every colour,the best boots,boots accessories,"The lowest prices, incredible deals on all boots",lowest price guarantee,no shipping costs globally,red,boots,www.shoesforsale.com/boots/red
Footwear Products,red boots accessories,new deals on boots,red boots for sale,1000+ in stock,In stock and ready to ship now,lowest price guarantee,no shipping costs globally,red,boots,www.shoesforsale.com/boots/red
Footwear Products,red desert boots for sale,desert boots in every colour,the best desert boots,desert boots for sale,"The lowest prices, incredible deals on all desert boots",lowest price guarantee,no shipping costs globally,red,desert boots,www.shoesforsale.com/desert boots/red
Footwear Products,red desert boots for sale,new deals on desert boots,red desert boots for sale,1000+ in stock,In stock and ready to ship now,lowest price guarantee,no shipping costs globally,red,desert boots,www.shoesforsale.com/desert boots/red
Footwear Products,red desert boots deal,desert boots in every colour,the best desert boots,desert boots deal,"The lowest prices, incredible deals on all desert boots",lowest price guarantee,no shipping costs globally,red,desert boots,www.shoesforsale.com/desert boots/red
Footwear Products,red desert boots deal,new deals on desert boots,red desert boots for sale,1000+ in stock,In stock and ready to ship now,lowest price guarantee,no shipping costs globally,red,desert boots,www.shoesforsale.com/desert boots/red
Footwear Products,red desert boots accessories,desert boots in every colour,the best desert boots,desert boots accessories,"The lowest prices, incredible deals on all desert boots",lowest price guarantee,no shipping costs globally,red,desert boots,www.shoesforsale.com/desert boots/red
Footwear Products,red desert boots accessories,new deals on desert boots,red desert boots for sale,1000+ in stock,In stock and ready to ship now,lowest price guarantee,no shipping costs globally,red,desert boots,www.shoesforsale.com/desert boots/red
Footwear Products,blue shoes for sale,shoes in every colour,the best shoes,shoes for sale,"The lowest prices, incredible deals on all shoes",lowest price guarantee,no shipping costs globally,blue,shoes,www.shoesforsale.com/shoes/blue
Footwear Products,blue shoes for sale,new deals on shoes,blue shoes for sale,1000+ in stock,In stock and ready to ship now,lowest price guarantee,no shipping costs globally,blue,shoes,www.shoesforsale.com/shoes/blue
Footwear Products,blue shoes deal,shoes in every colour,the best shoes,shoes deal,"The lowest prices, incredible deals on all shoes",lowest price guarantee,no shipping costs globally,blue,shoes,www.shoesforsale.com/shoes/blue
Footwear Products,blue shoes deal,new deals on shoes,blue shoes for sale,1000+ in stock,In stock and ready to ship now,lowest price guarantee,no shipping costs globally,blue,shoes,www.shoesforsale.com/shoes/blue
Footwear Products,blue shoes accessories,shoes in every colour,the best shoes,shoes accessories,"The lowest prices, incredible deals on all shoes",lowest price guarantee,no shipping costs globally,blue,shoes,www.shoesforsale.com/shoes/blue
Footwear Products,blue shoes accessories,new deals on shoes,blue shoes for sale,1000+ in stock,In stock and ready to ship now,lowest price guarantee,no shipping costs globally,blue,shoes,www.shoesforsale.com/shoes/blue
Footwear Products,blue trainers for sale,trainers in every colour,the best trainers,trainers for sale,"The lowest prices, incredible deals on all trainers",lowest price guarantee,no shipping costs globally,blue,trainers,www.shoesforsale.com/trainers/blue
Footwear Products,blue trainers for sale,new deals on trainers,blue trainers for sale,1000+ in stock,In stock and ready to ship now,lowest price guarantee,no shipping costs globally,blue,trainers,www.shoesforsale.com/trainers/blue
Footwear Products,blue trainers deal,trainers in every colour,the best trainers,trainers deal,"The lowest prices, incredible deals on all trainers",lowest price guarantee,no shipping costs globally,blue,trainers,www.shoesforsale.com/trainers/blue
Footwear Products,blue trainers deal,new deals on trainers,blue trainers for sale,1000+ in stock,In stock and ready to ship now,lowest price guarantee,no shipping costs globally,blue,trainers,www.shoesforsale.com/trainers/blue
Footwear Products,blue trainers accessories,trainers in every colour,the best trainers,trainers accessories,"The lowest prices, incredible deals on all trainers",lowest price guarantee,no shipping costs globally,blue,trainers,www.shoesforsale.com/trainers/blue
Footwear Products,blue trainers accessories,new deals on trainers,blue trainers for sale,1000+ in stock,In stock and ready to ship now,lowest price guarantee,no shipping costs globally,blue,trainers,www.shoesforsale.com/trainers/blue
Footwear Products,blue boots for sale,boots in every colour,the best boots,boots for sale,"The lowest prices, incredible deals on all boots",lowest price guarantee,no shipping costs globally,blue,boots,www.shoesforsale.com/boots/blue
Footwear Products,blue boots for sale,new deals on boots,blue boots for sale,1000+ in stock,In stock and ready to ship now,lowest price guarantee,no shipping costs globally,blue,boots,www.shoesforsale.com/boots/blue
Footwear Products,blue boots deal,boots in every colour,the best boots,boots deal,"The lowest prices, incredible deals on all boots",lowest price guarantee,no shipping costs globally,blue,boots,www.shoesforsale.com/boots/blue
Footwear Products,blue boots deal,new deals on boots,blue boots for sale,1000+ in stock,In stock and ready to ship now,lowest price guarantee,no shipping costs globally,blue,boots,www.shoesforsale.com/boots/blue
Footwear Products,blue boots accessories,boots in every colour,the best boots,boots accessories,"The lowest prices, incredible deals on all boots",lowest price guarantee,no shipping costs globally,blue,boots,www.shoesforsale.com/boots/blue
Footwear Products,blue boots accessories,new deals on boots,blue boots for sale,1000+ in stock,In stock and ready to ship now,lowest price guarantee,no shipping costs globally,blue,boots,www.shoesforsale.com/boots/blue
Footwear Products,blue desert boots for sale,desert boots in every colour,the best desert boots,desert boots for sale,"The lowest prices, incredible deals on all desert boots",lowest price guarantee,no shipping costs globally,blue,desert boots,www.shoesforsale.com/desert boots/blue
Footwear Products,blue desert boots for sale,new deals on desert boots,blue desert boots for sale,1000+ in stock,In stock and ready to ship now,lowest price guarantee,no shipping costs globally,blue,desert boots,www.shoesforsale.com/desert boots/blue
Footwear Products,blue desert boots deal,desert boots in every colour,the best desert boots,desert boots deal,"The lowest prices, incredible deals on all desert boots",lowest price guarantee,no shipping costs globally,blue,desert boots,www.shoesforsale.com/desert boots/blue
Footwear Products,blue desert boots deal,new deals on desert boots,blue desert boots for sale,1000+ in stock,In stock and ready to ship now,lowest price guarantee,no shipping costs globally,blue,desert boots,www.shoesforsale.com/desert boots/blue
Footwear Products,blue desert boots accessories,desert boots in every colour,the best desert boots,desert boots accessories,"The lowest prices, incredible deals on all desert boots",lowest price guarantee,no shipping costs globally,blue,desert boots,www.shoesforsale.com/desert boots/blue
Footwear Products,blue desert boots accessories,new deals on desert boots,blue desert boots for sale,1000+ in stock,In stock and ready to ship now,lowest price guarantee,no shipping costs globally,blue,desert boots,www.shoesforsale.com/desert boots/blue
Footwear Products,black shoes for sale,shoes in every colour,the best shoes,shoes for sale,"The lowest prices, incredible deals on all shoes",lowest price guarantee,no shipping costs globally,black,shoes,www.shoesforsale.com/shoes/black
Footwear Products,black shoes for sale,new deals on shoes,black shoes for sale,1000+ in stock,In stock and ready to ship now,lowest price guarantee,no shipping costs globally,black,shoes,www.shoesforsale.com/shoes/black
Footwear Products,black shoes deal,shoes in every colour,the best shoes,shoes deal,"The lowest prices, incredible deals on all shoes",lowest price guarantee,no shipping costs globally,black,shoes,www.shoesforsale.com/shoes/black
Footwear Products,black shoes deal,new deals on shoes,black shoes for sale,1000+ in stock,In stock and ready to ship now,lowest price guarantee,no shipping costs globally,black,shoes,www.shoesforsale.com/shoes/black
Footwear Products,black shoes accessories,shoes in every colour,the best shoes,shoes accessories,"The lowest prices, incredible deals on all shoes",lowest price guarantee,no shipping costs globally,black,shoes,www.shoesforsale.com/shoes/black
Footwear Products,black shoes accessories,new deals on shoes,black shoes for sale,1000+ in stock,In stock and ready to ship now,lowest price guarantee,no shipping costs globally,black,shoes,www.shoesforsale.com/shoes/black
Footwear Products,black trainers for sale,trainers in every colour,the best trainers,trainers for sale,"The lowest prices, incredible deals on all trainers",lowest price guarantee,no shipping costs globally,black,trainers,www.shoesforsale.com/trainers/black
Footwear Products,black trainers for sale,new deals on trainers,black trainers for sale,1000+ in stock,In stock and ready to ship now,lowest price guarantee,no shipping costs globally,black,trainers,www.shoesforsale.com/trainers/black
Footwear Products,black trainers deal,trainers in every colour,the best trainers,trainers deal,"The lowest prices, incredible deals on all trainers",lowest price guarantee,no shipping costs globally,black,trainers,www.shoesforsale.com/trainers/black
Footwear Products,black trainers deal,new deals on trainers,black trainers for sale,1000+ in stock,In stock and ready to ship now,lowest price guarantee,no shipping costs globally,black,trainers,www.shoesforsale.com/trainers/black
Footwear Products,black trainers accessories,trainers in every colour,the best trainers,trainers accessories,"The lowest prices, incredible deals on all trainers",lowest price guarantee,no shipping costs globally,black,trainers,www.shoesforsale.com/trainers/black
Footwear Products,black trainers accessories,new deals on trainers,black trainers for sale,1000+ in stock,In stock and ready to ship now,lowest price guarantee,no shipping costs globally,black,trainers,www.shoesforsale.com/trainers/black
Footwear Products,black boots for sale,boots in every colour,the best boots,boots for sale,"The lowest prices, incredible deals on all boots",lowest price guarantee,no shipping costs globally,black,boots,www.shoesforsale.com/boots/black
Footwear Products,black boots for sale,new deals on boots,black boots for sale,1000+ in stock,In stock and ready to ship now,lowest price guarantee,no shipping costs globally,black,boots,www.shoesforsale.com/boots/black
Footwear Products,black boots deal,boots in every colour,the best boots,boots deal,"The lowest prices, incredible deals on all boots",lowest price guarantee,no shipping costs globally,black,boots,www.shoesforsale.com/boots/black
Footwear Products,black boots deal,new deals on boots,black boots for sale,1000+ in stock,In stock and ready to ship now,lowest price guarantee,no shipping costs globally,black,boots,www.shoesforsale.com/boots/black
Footwear Products,black boots accessories,boots in every colour,the best boots,boots accessories,"The lowest prices, incredible deals on all boots",lowest price guarantee,no shipping costs globally,black,boots,www.shoesforsale.com/boots/black
Footwear Products,black boots accessories,new deals on boots,black boots for sale,1000+ in stock,In stock and ready to ship now,lowest price guarantee,no shipping costs globally,black,boots,www.shoesforsale.com/boots/black
Footwear Products,black desert boots for sale,desert boots in every colour,the best desert boots,desert boots for sale,"The lowest prices, incredible deals on all desert boots",lowest price guarantee,no shipping costs globally,black,desert boots,www.shoesforsale.com/desert boots/black
Footwear Products,black desert boots for sale,new deals on desert boots,black desert boots for sale,1000+ in stock,In stock and ready to ship now,lowest price guarantee,no shipping costs globally,black,desert boots,www.shoesforsale.com/desert boots/black
Footwear Products,black desert boots deal,desert boots in every colour,the best desert boots,desert boots deal,"The lowest prices, incredible deals on all desert boots",lowest price guarantee,no shipping costs globally,black,desert boots,www.shoesforsale.com/desert boots/black
Footwear Products,black desert boots deal,new deals on desert boots,black desert boots for sale,1000+ in stock,In stock and ready to ship now,lowest price guarantee,no shipping costs globally,black,desert boots,www.shoesforsale.com/desert boots/black
Footwear Products,black desert boots accessories,desert boots in every colour,the best desert boots,desert boots accessories,"The lowest prices, incredible deals on all desert boots",lowest price guarantee,no shipping costs globally,black,desert boots,www.shoesforsale.com/desert boots/black
Footwear Products,black desert boots accessories,new deals on desert boots,black desert boots for sale,1000+ in stock,In stock and ready to ship now,lowest price guarantee,no shipping costs globally,black,desert boots,www.shoesforsale.com/desert boots/black
Footwear Products,grey shoes for sale,shoes in every colour,the best shoes,shoes for sale,"The lowest prices, incredible deals on all shoes",lowest price guarantee,no shipping costs globally,grey,shoes,www.shoesforsale.com/shoes/grey
Footwear Products,grey shoes for sale,new deals on shoes,grey shoes for sale,1000+ in stock,In stock and ready to ship now,lowest price guarantee,no shipping costs globally,grey,shoes,www.shoesforsale.com/shoes/grey
Footwear Products,grey shoes deal,shoes in every colour,the best shoes,shoes deal,"The lowest prices, incredible deals on all shoes",lowest price guarantee,no shipping costs globally,grey,shoes,www.shoesforsale.com/shoes/grey
Footwear Products,grey shoes deal,new deals on shoes,grey shoes for sale,1000+ in stock,In stock and ready to ship now,lowest price guarantee,no shipping costs globally,grey,shoes,www.shoesforsale.com/shoes/grey
Footwear Products,grey shoes accessories,shoes in every colour,the best shoes,shoes accessories,"The lowest prices, incredible deals on all shoes",lowest price guarantee,no shipping costs globally,grey,shoes,www.shoesforsale.com/shoes/grey
Footwear Products,grey shoes accessories,new deals on shoes,grey shoes for sale,1000+ in stock,In stock and ready to ship now,lowest price guarantee,no shipping costs globally,grey,shoes,www.shoesforsale.com/shoes/grey
Footwear Products,grey trainers for sale,trainers in every colour,the best trainers,trainers for sale,"The lowest prices, incredible deals on all trainers",lowest price guarantee,no shipping costs globally,grey,trainers,www.shoesforsale.com/trainers/grey
Footwear Products,grey trainers for sale,new deals on trainers,grey trainers for sale,1000+ in stock,In stock and ready to ship now,lowest price guarantee,no shipping costs globally,grey,trainers,www.shoesforsale.com/trainers/grey
Footwear Products,grey trainers deal,trainers in every colour,the best trainers,trainers deal,"The lowest prices, incredible deals on all trainers",lowest price guarantee,no shipping costs globally,grey,trainers,www.shoesforsale.com/trainers/grey
Footwear Products,grey trainers deal,new deals on trainers,grey trainers for sale,1000+ in stock,In stock and ready to ship now,lowest price guarantee,no shipping costs globally,grey,trainers,www.shoesforsale.com/trainers/grey
Footwear Products,grey trainers accessories,trainers in every colour,the best trainers,trainers accessories,"The lowest prices, incredible deals on all trainers",lowest price guarantee,no shipping costs globally,grey,trainers,www.shoesforsale.com/trainers/grey
Footwear Products,grey trainers accessories,new deals on trainers,grey trainers for sale,1000+ in stock,In stock and ready to ship now,lowest price guarantee,no shipping costs globally,grey,trainers,www.shoesforsale.com/trainers/grey
Footwear Products,grey boots for sale,boots in every colour,the best boots,boots for sale,"The lowest prices, incredible deals on all boots",lowest price guarantee,no shipping costs globally,grey,boots,www.shoesforsale.com/boots/grey
Footwear Products,grey boots for sale,new deals on boots,grey boots for sale,1000+ in stock,In stock and ready to ship now,lowest price guarantee,no shipping costs globally,grey,boots,www.shoesforsale.com/boots/grey
Footwear Products,grey boots deal,boots in every colour,the best boots,boots deal,"The lowest prices, incredible deals on all boots",lowest price guarantee,no shipping costs globally,grey,boots,www.shoesforsale.com/boots/grey
Footwear Products,grey boots deal,new deals on boots,grey boots for sale,1000+ in stock,In stock and ready to ship now,lowest price guarantee,no shipping costs globally,grey,boots,www.shoesforsale.com/boots/grey
Footwear Products,grey boots accessories,boots in every colour,the best boots,boots accessories,"The lowest prices, incredible deals on all boots",lowest price guarantee,no shipping costs globally,grey,boots,www.shoesforsale.com/boots/grey
Footwear Products,grey boots accessories,new deals on boots,grey boots for sale,1000+ in stock,In stock and ready to ship now,lowest price guarantee,no shipping costs globally,grey,boots,www.shoesforsale.com/boots/grey
Footwear Products,grey desert boots for sale,desert boots in every colour,the best desert boots,desert boots for sale,"The lowest prices, incredible deals on all desert boots",lowest price guarantee,no shipping costs globally,grey,desert boots,www.shoesforsale.com/desert boots/grey
Footwear Products,grey desert boots for sale,new deals on desert boots,grey desert boots for sale,1000+ in stock,In stock and ready to ship now,lowest price guarantee,no shipping costs globally,grey,desert boots,www.shoesforsale.com/desert boots/grey
Footwear Products,grey desert boots deal,desert boots in every colour,the best desert boots,desert boots deal,"The lowest prices, incredible deals on all desert boots",lowest price guarantee,no shipping costs globally,grey,desert boots,www.shoesforsale.com/desert boots/grey
Footwear Products,grey desert boots deal,new deals on desert boots,grey desert boots for sale,1000+ in stock,In stock and ready to ship now,lowest price guarantee,no shipping costs globally,grey,desert boots,www.shoesforsale.com/desert boots/grey
Footwear Products,grey desert boots accessories,desert boots in every colour,the best desert boots,desert boots accessories,"The lowest prices, incredible deals on all desert boots",lowest price guarantee,no shipping costs globally,grey,desert boots,www.shoesforsale.com/desert boots/grey
Footwear Products,grey desert boots accessories,new deals on desert boots,grey desert boots for sale,1000+ in stock,In stock and ready to ship now,lowest price guarantee,no shipping costs globally,grey,desert boots,www.shoesforsale.com/desert boots/grey
Footwear Products,brown shoes for sale,shoes in every colour,the best shoes,shoes for sale,"The lowest prices, incredible deals on all shoes",lowest price guarantee,no shipping costs globally,brown,shoes,www.shoesforsale.com/shoes/brown
Footwear Products,brown shoes for sale,new deals on shoes,brown shoes for sale,1000+ in stock,In stock and ready to ship now,lowest price guarantee,no shipping costs globally,brown,shoes,www.shoesforsale.com/shoes/brown
Footwear Products,brown shoes deal,shoes in every colour,the best shoes,shoes deal,"The lowest prices, incredible deals on all shoes",lowest price guarantee,no shipping costs globally,brown,shoes,www.shoesforsale.com/shoes/brown
Footwear Products,brown shoes deal,new deals on shoes,brown shoes for sale,1000+ in stock,In stock and ready to ship now,lowest price guarantee,no shipping costs globally,brown,shoes,www.shoesforsale.com/shoes/brown
Footwear Products,brown shoes accessories,shoes in every colour,the best shoes,shoes accessories,"The lowest prices, incredible deals on all shoes",lowest price guarantee,no shipping costs globally,brown,shoes,www.shoesforsale.com/shoes/brown
Footwear Products,brown shoes accessories,new deals on shoes,brown shoes for sale,1000+ in stock,In stock and ready to ship now,lowest price guarantee,no shipping costs globally,brown,shoes,www.shoesforsale.com/shoes/brown
Footwear Products,brown trainers for sale,trainers in every colour,the best trainers,trainers for sale,"The lowest prices, incredible deals on all trainers",lowest price guarantee,no shipping costs globally,brown,trainers,www.shoesforsale.com/trainers/brown
Footwear Products,brown trainers for sale,new deals on trainers,brown trainers for sale,1000+ in stock,In stock and ready to ship now,lowest price guarantee,no shipping costs globally,brown,trainers,www.shoesforsale.com/trainers/brown
Footwear Products,brown trainers deal,trainers in every colour,the best trainers,trainers deal,"The lowest prices, incredible deals on all trainers",lowest price guarantee,no shipping costs globally,brown,trainers,www.shoesforsale.com/trainers/brown
Footwear Products,brown trainers deal,new deals on trainers,brown trainers for sale,1000+ in stock,In stock and ready to ship now,lowest price guarantee,no shipping costs globally,brown,trainers,www.shoesforsale.com/trainers/brown
Footwear Products,brown trainers accessories,trainers in every colour,the best trainers,trainers accessories,"The lowest prices, incredible deals on all trainers",lowest price guarantee,no shipping costs globally,brown,trainers,www.shoesforsale.com/trainers/brown
Footwear Products,brown trainers accessories,new deals on trainers,brown trainers for sale,1000+ in stock,In stock and ready to ship now,lowest price guarantee,no shipping costs globally,brown,trainers,www.shoesforsale.com/trainers/brown
Footwear Products,brown boots for sale,boots in every colour,the best boots,boots for sale,"The lowest prices, incredible deals on all boots",lowest price guarantee,no shipping costs globally,brown,boots,www.shoesforsale.com/boots/brown
Footwear Products,brown boots for sale,new deals on boots,brown boots for sale,1000+ in stock,In stock and ready to ship now,lowest price guarantee,no shipping costs globally,brown,boots,www.shoesforsale.com/boots/brown
Footwear Products,brown boots deal,boots in every colour,the best boots,boots deal,"The lowest prices, incredible deals on all boots",lowest price guarantee,no shipping costs globally,brown,boots,www.shoesforsale.com/boots/brown
Footwear Products,brown boots deal,new deals on boots,brown boots for sale,1000+ in stock,In stock and ready to ship now,lowest price guarantee,no shipping costs globally,brown,boots,www.shoesforsale.com/boots/brown
Footwear Products,brown boots accessories,boots in every colour,the best boots,boots accessories,"The lowest prices, incredible deals on all boots",lowest price guarantee,no shipping costs globally,brown,boots,www.shoesforsale.com/boots/brown
Footwear Products,brown boots accessories,new deals on boots,brown boots for sale,1000+ in stock,In stock and ready to ship now,lowest price guarantee,no shipping costs globally,brown,boots,www.shoesforsale.com/boots/brown
Footwear Products,brown desert boots for sale,desert boots in every colour,the best desert boots,desert boots for sale,"The lowest prices, incredible deals on all desert boots",lowest price guarantee,no shipping costs globally,brown,desert boots,www.shoesforsale.com/desert boots/brown
Footwear Products,brown desert boots for sale,new deals on desert boots,brown desert boots for sale,1000+ in stock,In stock and ready to ship now,lowest price guarantee,no shipping costs globally,brown,desert boots,www.shoesforsale.com/desert boots/brown
Footwear Products,brown desert boots deal,desert boots in every colour,the best desert boots,desert boots deal,"The lowest prices, incredible deals on all desert boots",lowest price guarantee,no shipping costs globally,brown,desert boots,www.shoesforsale.com/desert boots/brown
Footwear Products,brown desert boots deal,new deals on desert boots,brown desert boots for sale,1000+ in stock,In stock and ready to ship now,lowest price guarantee,no shipping costs globally,brown,desert boots,www.shoesforsale.com/desert boots/brown
Footwear Products,brown desert boots accessories,desert boots in every colour,the best desert boots,desert boots accessories,"The lowest prices, incredible deals on all desert boots",lowest price guarantee,no shipping costs globally,brown,desert boots,www.shoesforsale.com/desert boots/brown
Footwear Products,brown desert boots accessories,new deals on desert boots,brown desert boots for sale,1000+ in stock,In stock and ready to ship now,lowest price guarantee,no shipping costs globally,brown,desert boots,www.shoesforsale.com/desert boots/brown
Footwear Products,green shoes for sale,shoes in every colour,the best shoes,shoes for sale,"The lowest prices, incredible deals on all shoes",lowest price guarantee,no shipping costs globally,green,shoes,www.shoesforsale.com/shoes/green
Footwear Products,green shoes for sale,new deals on shoes,green shoes for sale,1000+ in stock,In stock and ready to ship now,lowest price guarantee,no shipping costs globally,green,shoes,www.shoesforsale.com/shoes/green
Footwear Products,green shoes deal,shoes in every colour,the best shoes,shoes deal,"The lowest prices, incredible deals on all shoes",lowest price guarantee,no shipping costs globally,green,shoes,www.shoesforsale.com/shoes/green
Footwear Products,green shoes deal,new deals on shoes,green shoes for sale,1000+ in stock,In stock and ready to ship now,lowest price guarantee,no shipping costs globally,green,shoes,www.shoesforsale.com/shoes/green
Footwear Products,green shoes accessories,shoes in every colour,the best shoes,shoes accessories,"The lowest prices, incredible deals on all shoes",lowest price guarantee,no shipping costs globally,green,shoes,www.shoesforsale.com/shoes/green
Footwear Products,green shoes accessories,new deals on shoes,green shoes for sale,1000+ in stock,In stock and ready to ship now,lowest price guarantee,no shipping costs globally,green,shoes,www.shoesforsale.com/shoes/green
Footwear Products,green trainers for sale,trainers in every colour,the best trainers,trainers for sale,"The lowest prices, incredible deals on all trainers",lowest price guarantee,no shipping costs globally,green,trainers,www.shoesforsale.com/trainers/green
Footwear Products,green trainers for sale,new deals on trainers,green trainers for sale,1000+ in stock,In stock and ready to ship now,lowest price guarantee,no shipping costs globally,green,trainers,www.shoesforsale.com/trainers/green
Footwear Products,green trainers deal,trainers in every colour,the best trainers,trainers deal,"The lowest prices, incredible deals on all trainers",lowest price guarantee,no shipping costs globally,green,trainers,www.shoesforsale.com/trainers/green
Footwear Products,green trainers deal,new deals on trainers,green trainers for sale,1000+ in stock,In stock and ready to ship now,lowest price guarantee,no shipping costs globally,green,trainers,www.shoesforsale.com/trainers/green
Footwear Products,green trainers accessories,trainers in every colour,the best trainers,trainers accessories,"The lowest prices, incredible deals on all trainers",lowest price guarantee,no shipping costs globally,green,trainers,www.shoesforsale.com/trainers/green
Footwear Products,green trainers accessories,new deals on trainers,green trainers for sale,1000+ in stock,In stock and ready to ship now,lowest price guarantee,no shipping costs globally,green,trainers,www.shoesforsale.com/trainers/green
Footwear Products,green boots for sale,boots in every colour,the best boots,boots for sale,"The lowest prices, incredible deals on all boots",lowest price guarantee,no shipping costs globally,green,boots,www.shoesforsale.com/boots/green
Footwear Products,green boots for sale,new deals on boots,green boots for sale,1000+ in stock,In stock and ready to ship now,lowest price guarantee,no shipping costs globally,green,boots,www.shoesforsale.com/boots/green
Footwear Products,green boots deal,boots in every colour,the best boots,boots deal,"The lowest prices, incredible deals on all boots",lowest price guarantee,no shipping costs globally,green,boots,www.shoesforsale.com/boots/green
Footwear Products,green boots deal,new deals on boots,green boots for sale,1000+ in stock,In stock and ready to ship now,lowest price guarantee,no shipping costs globally,green,boots,www.shoesforsale.com/boots/green
Footwear Products,green boots accessories,boots in every colour,the best boots,boots accessories,"The lowest prices, incredible deals on all boots",lowest price guarantee,no shipping costs globally,green,boots,www.shoesforsale.com/boots/green
Footwear Products,green boots accessories,new deals on boots,green boots for sale,1000+ in stock,In stock and ready to ship now,lowest price guarantee,no shipping costs globally,green,boots,www.shoesforsale.com/boots/green
Footwear Products,green desert boots for sale,desert boots in every colour,the best desert boots,desert boots for sale,"The lowest prices, incredible deals on all desert boots",lowest price guarantee,no shipping costs globally,green,desert boots,www.shoesforsale.com/desert boots/green
Footwear Products,green desert boots for sale,new deals on desert boots,green desert boots for sale,1000+ in stock,In stock and ready to ship now,lowest price guarantee,no shipping costs globally,green,desert boots,www.shoesforsale.com/desert boots/green
Footwear Products,green desert boots deal,desert boots in every colour,the best desert boots,desert boots deal,"The lowest prices, incredible deals on all desert boots",lowest price guarantee,no shipping costs globally,green,desert boots,www.shoesforsale.com/desert boots/green
Footwear Products,green desert boots deal,new deals on desert boots,green desert boots for sale,1000+ in stock,In stock and ready to ship now,lowest price guarantee,no shipping costs globally,green,desert boots,www.shoesforsale.com/desert boots/green
Footwear Products,green desert boots accessories,desert boots in every colour,the best desert boots,desert boots accessories,"The lowest prices, incredible deals on all desert boots",lowest price guarantee,no shipping costs globally,green,desert boots,www.shoesforsale.com/desert boots/green
Footwear Products,green desert boots accessories,new deals on desert boots,green desert boots for sale,1000+ in stock,In stock and ready to ship now,lowest price guarantee,no shipping costs globally,green,desert boots,www.shoesforsale.com/desert boots/green
